96001,张三,男,1988年12月31日,13576473625,zhangsan@22.com
96002,李四,男,1987年4月23日,15803453876,lisi@163.com
96003,王红,女,1989年7月28日,13909485847,wanghong@126.com
96004,赵欢,男,1986年6月22日,18794857484,zhaohuan@lync.cn
96005,孙强,男,1990年8月12日,15047365843,sunqiang@qq.com
96006,马静,女,1993年9月28日,15304028483,majing@qq.com
96007,廖霞,女,1996年7月23日,18600244733,liaoxia@pagaron.com
96008,孙倩,女,1992年9月13日,13798747373,sunqian@163.com
96009,罗子刚,男,1989年3月27日,18697364522,luozigang@126.com
96010,贺子航,男,1990年2月27日,15838473645,hezihang@yahoo.cn
96011,周厚礼,男,1985年10月28日,13603253576,zhouhouli@gmail.com
96012,冯婷,女,1987年4月23日,13897473623,fengting@outlook.com